name,taste,meal_type,dietary_constraints,recipe
Apple Smoothie Bowl,sweet,drink,dairy free,"""Blend apples bananas spinach and almond milk until smooth. Pour into a bowl and top with granola sliced fruits and a drizzle of honey or maple syrup."""
Apple Cider Vinegar Drink,sweet,drink,dairy free,"""Mix apple cider vinegar honey and water in a glass. Stir until the honey is dissolved. Serve chilled or over ice."""
Apple Ginger Mocktail,sweet,drink,dairy free,"""Combine apple juice ginger ale and a splash of sparkling water in a glass. Stir gently and garnish with a slice of apple and a sprig of mint."""
Apple Mint Infused Water,sweet,drink,dairy free,"""Add sliced apples and fresh mint leaves to a pitcher of water. Refrigerate for a few hours to allow the flavors to infuse. Serve chilled over ice."""
Apple Cinnamon Smoothie,sweet,drink,low fat,"""Blend apples yogurt cinnamon and a splash of almond milk until smooth. Pour into glasses and serve immediately."""
Apple Ginger Iced Tea,sweet,drink,low fat,"""Brew a pot of green tea and let it cool. Add apple juice freshly grated ginger and a squeeze of lemon juice. Serve over ice."""
Apple Spritzer,sweet,drink,low fat,"""Mix sparkling water with fresh apple juice and a splash of lemon juice. Serve over ice with a sprig of mint for garnish."""
Apple Cider Vinegar Detox Drink,sweet,drink,low fat,"""Dilute apple cider vinegar with water add a teaspoon of honey and a dash of cinnamon. Stir well and serve chilled."""
Apple Cucumber Smoothie,sweet,drink,nothing,"""Blend apple juice with chopped cucumber yogurt and a squeeze of lime juice until smooth. Serve immediately."""
Apple Lemonade,sour,drink,dairy free,"""Mix freshly squeezed apple juice with lemon juice and a dash of honey. Dilute with water to taste and serve over ice."""
Apple Ginger Cooler,sour,drink,dairy free,"""Combine apple juice with freshly grated ginger and a squeeze of lemon juice. Serve chilled with a garnish of mint leaves."""
Apple Cranberry Spritzer,sour,drink,dairy free,"""Mix apple juice with cranberry juice and a splash of sparkling water. Serve over ice with a few cranberries for garnish."""
Apple Kiwi Refresher,sour,drink,dairy free,"""Blend apple juice with peeled and chopped kiwi fruit until smooth. Serve chilled with a slice of kiwi on the rim of the glass."""
Apple Kombucha,sour,drink,low fat,"""Mix apple juice with kombucha tea and a sprinkle of cinnamon and nutmeg. Let it ferment for a few days for added fizz. Serve cold."""
Apple Basil Spritz,sour,drink,low fat,"""Combine apple juice with a basil-infused simple syrup and club soda. Garnish with a basil leaf and a slice of green apple. Serve over ice."""
Apple Grapefruit Infusion,sour,drink,low fat,"""Mix apple juice with freshly squeezed grapefruit juice and a hint of ginger. Serve chilled over ice with a sprig of mint for garnish."""
Apple Celery Cooler,salty,drink,low fat,"""Blend fresh apple juice with chopped celery stalks and a squeeze of lemon juice. Strain and serve over ice."""
Apple salty Lemonade,salty,drink,low fat,"""Combine apple juice with freshly squeezed lemon juice and a dash of sea salt. Stir well and serve chilled."""
Apple salty Cider Vinegar Drink,salty,drink,low fat,"""Mix apple cider vinegar with water and a pinch of sea salt. Stir well and serve chilled over ice."""
Apple Ginger Infusion,salty,drink,low fat,"""Steep thinly sliced apples and fresh ginger in hot water for a few minutes. Strain and serve warm or chilled."""
Apple Margarita,salty,drink,nothing,"""Combine apple juice with tequila triple sec a splash of lime juice and a sprinkle of cinnamon. Shake well and serve over ice."""
Apple Coconut Popsicles,sweet,desserts,dairy free,"""Blend apple juice with coconut milk and a touch of honey. Pour into popsicle molds and freeze until solid. Enjoy your creamy dairy-free treat!"""
Apple Chia Seed Pudding,sweet,desserts,dairy free,"""Mix apple puree with chia seeds coconut milk and a drizzle of maple syrup. Let it sit in the fridge overnight until thickened. Serve chilled with fresh fruit toppings."""
Apple Date Bars,sweet,desserts,dairy free,"""Combine dried apples dates nuts and oats in a food processor. Press the mixture into a baking dish and refrigerate until firm. Cut into bars and enjoy as a wholesome dairy-free dessert."""
Apple Almond Energy Bites,sweet,desserts,dairy free,"""Blend dried apples almonds dates and a hint of cinnamon until sticky. Roll into small balls and coat with shredded coconut. Keep refrigerated for a quick and energizing dessert."""
Apple Oatmeal Baked Cups,sweet,desserts,low fat,"""Mix grated apples oats cinnamon and egg whites in a bowl. Spoon the mixture into muffin cups and bake until set. Serve warm for a nutritious low-fat dessert."""
Apple Yogurt Parfait,sweet,desserts,low fat,"""Layer diced apples low-fat yogurt and granola in serving glasses. Repeat the layers and drizzle with honey. Enjoy a guilt-free and satisfying dessert option."""
Apple Cinnamon Rice Cake,sweet,desserts,low fat,"""Spread rice cakes with unsweetened applesauce and sprinkle with cinnamon. Top with sliced apples and a dollop of low-fat whipped topping for a light and tasty dessert."""
Apple Berry Frozen Yogurt,sweet,desserts,low fat,"""Blend frozen apple slices mixed berries and low-fat yogurt until smooth. Transfer to a freezer-safe container and freeze until firm. Scoop into bowls and garnish with fresh fruit."""
Apple Walnut Crumble,sweet,desserts,nothing,"""Layer sliced apples in a baking dish and sprinkle with a mixture of oats flour walnuts and brown sugar. Bake until golden and bubbly. Serve warm with a scoop of vanilla ice cream."""
Apple Caramel Nachos,sweet,desserts,nothing,"""Arrange apple slices on a plate and drizzle with warm caramel sauce. Sprinkle with chopped nuts chocolate chips and shredded coconut for a fun and indulgent recipe."""
Apple Cranberry Crisp,sour,desserts,dairy free,"""Mix sliced apples with cranberries lemon juice and a touch of maple syrup. Spread evenly in a baking dish. In a separate bowl combine oats flour coconut oil and a pinch of salt. Sprinkle the oat mixture over the apples and bake in a preheated oven at 375F (190C) for 40-45 minutes or until golden brown. Serve warm."""
Apple Ginger Chia Pudding,sour,desserts,dairy free,"""Blend apple puree with coconut milk grated ginger and chia seeds. Let it sit in the fridge overnight until thickened. Serve chilled with a sprinkle of chopped nuts."""
Apple Citrus Salad,sour,desserts,dairy free,"""Toss sliced apples with segmented oranges grapefruit and a handful of pomegranate seeds. Drizzle with a dressing made from lime juice honey and a dash of cinnamon. Serve chilled for a refreshing dairy-free dessert."""
Apple Lemon Sorbet,sour,desserts,dairy free,"""Blend apple juice with fresh lemon juice and a bit of honey. Pour into a shallow dish and freeze for 4-6 hours stirring occasionally until firm. Serve scoops of sorbet in chilled bowls for a zesty dairy-free treat."""
Apple Berry Smoothie Bowl,sour,desserts,low fat,"""Blend apple slices with mixed berries low-fat yogurt and a splash of apple juice until smooth. Pour into a bowl and top with granola sliced almonds and a drizzle of honey for a nutritious and low-fat dessert."""
Apple Grapefruit Granita,sour,desserts,low fat,"""Combine apple juice with freshly squeezed grapefruit juice and a hint of agave syrup. Pour into a shallow dish and freeze for 1-2 hours scraping with a fork every 30 minutes until icy. Serve in chilled glasses for a light and refreshing low-fat dessert."""
Apple Lime Frozen Yogurt,sour,desserts,low fat,"""Blend apple puree with fresh lime juice low-fat yogurt and a touch of honey. Pour into an ice cream maker and churn according to manufacturer's instructions until creamy. Serve immediately for a tangy and low-fat frozen treat."""
Apple Citrus Salad,sour,desserts,low fat,"""Toss sliced apples with segmented oranges grapefruit and a handful of pomegranate seeds. Drizzle with a dressing made from lime juice honey and a dash of cinnamon. Serve chilled for a refreshing low-fat dessert."""
Apple Cranberry Compote,sour,desserts,nothing,"""Simmer sliced apples with cranberries orange zest and a touch of sugar until softened and thickened. Serve warm or chilled over yogurt or ice cream for a simple and tangy recipe."""
Apple Lemon Cake,sour,desserts,nothing,"""Mix grated apples with lemon zest and juice flour sugar and baking powder until well combined. Pour batter into a greased cake pan and bake in a preheated oven at 350F (175C) for 30-35 minutes or until golden brown. Let cool before serving."""
Apple Almond Butter Dip,salty,desserts,dairy free,"""Mix almond butter with mashed apples cinnamon and a pinch of sea salt until smooth. Serve with sliced apples or whole grain crackers for dipping."""
Apple Walnut Salad,salty,desserts,dairy free,"""Toss diced apples with chopped walnuts celery and a sprinkle of sea salt. Drizzle with a dressing made from olive oil lemon juice and Dijon mustard. Serve chilled for a crunchy and satisfying dairy-free dessert."""
Apple Coconut Energy Bites,salty,desserts,dairy free,"""Blend dried apple rings with dates almonds coconut flakes and a pinch of sea salt until mixture sticks together. Roll into bite-sized balls and refrigerate until firm. Enjoy as a nutritious and dairy-free recipe."""
Apple Cinnamon Popcorn,salty,desserts,dairy free,"""Drizzle popped popcorn with melted coconut oil cinnamon and a touch of sea salt. Toss with dried apple chips and roasted almonds for a crunchy and dairy-free dessert."""
Apple Yogurt Parfait,salty,desserts,low fat,"""Layer diced apples with low-fat Greek yogurt granola and a sprinkle of cinnamon in a glass. Repeat layers and top with a dollop of yogurt and a drizzle of honey for a low-fat dessert treat."""
Apple Celery Slaw,salty,desserts,low fat,"""Toss thinly sliced apples with shredded celery carrots and a squeeze of lemon juice. Season with a pinch of salt and black pepper. Serve chilled for a refreshing and low-fat dessert side."""
Apple Cranberry Quinoa Salad,salty,desserts,low fat,"""Mix cooked quinoa with diced apples dried cranberries chopped parsley and a splash of apple cider vinegar. Season with salt and pepper to taste. Serve chilled as a nutritious and low-fat dessert or side dish."""
Apple Cucumber Salsa,salty,desserts,low fat,"""Combine diced apples with chopped cucumber red onion jalapeno cilantro and lime juice. Season with a pinch of salt and stir until well combined. Serve chilled with baked tortilla chips for a refreshing and low-fat dessert dip."""
Apple Pretzel Bites,salty,desserts,nothing,"""Top mini pretzels with thin slices of apple and a dollop of peanut butter. Sprinkle with sea salt and drizzle with honey for a treat."""
Apple Cheddar Cheese Platter,salty,desserts,nothing,"""Arrange sliced apples with chunks of sharp cheddar cheese on a serving platter. Serve with whole grain crackers and a handful of nuts for a simple and satisfying recipe."""
Apple Cinnamon Energy Balls,sweet,snacks,dairy free,"""Blend dried apples with dates almonds and a dash of cinnamon until a sticky dough forms. Roll into balls and coat with shredded coconut. Refrigerate until firm for a delicious and dairy-free snack."""
Apple Oatmeal Cookies,sweet,snacks,dairy free,"""Mix mashed apples with rolled oats almond flour and a hint of maple syrup. Drop spoonfuls of dough onto a baking sheet and flatten with a fork. Bake until golden brown for a wholesome and dairy-free snack."""
Apple Peanut Butter Cups,sweet,snacks,dairy free,"""Layer melted dairy-free chocolate with creamy peanut butter and diced apples in small cupcake liners. Chill until set for a decadent and dairy-free sweet treat."""
Apple Chia Seed Pudding,sweet,snacks,dairy free,"""Blend apples with coconut milk chia seeds and a touch of vanilla extract. Let the mixture sit overnight in the refrigerator until thickened. Serve topped with fresh fruit for a nutritious and dairy-free snack."""
Apple Berry Smoothie Bowl,sweet,snacks,low fat,"""Blend apples with mixed berries low-fat yogurt and a handful of spinach until smooth. Pour into a bowl and top with granola sliced almonds and a drizzle of honey for a satisfying and low-fat snack."""
Apple Cinnamon Rice Cakes,sweet,snacks,low fat,"""Spread rice cakes with a layer of unsweetened applesauce and sprinkle with cinnamon. Top with sliced apples and a drizzle of honey for a crunchy and low-fat snack option."""
Apple Yogurt Bark,sweet,snacks,low fat,"""Spread low-fat Greek yogurt onto a baking sheet lined with parchment paper. Top with diced apples sliced almonds and a sprinkle of cinnamon. Freeze until firm then break into pieces for a refreshing and low-fat snack."""
Apple Carrot Muffins,sweet,snacks,low fat,"""Mix shredded apples and carrots with whole wheat flour egg whites and a touch of honey. Spoon into muffin cups and bake until golden brown for a nutritious and low-fat snack option."""
Apple Cinnamon Rice Pudding Cups,sweet,snacks,nothing,"""Stir cooked rice with diced apples almond milk and a pinch of cinnamon. Spoon into small cups and refrigerate until chilled for a simple and delicious sweet recipe."""
Apple Sandwiches,sweet,snacks,nothing,"""Slice apples horizontally and spread each slice with almond butter. Sandwich together with another slice and sprinkle with granola for a satisfying and naturally sweet recipe."""
Apple Lemonade,sour,snacks,dairy free,"""Juice apples and lemons together using a juicer or blender. Strain the juice and discard any pulp. Serve chilled over ice for a refreshing and dairy-free sour snack."""
Apple Cider Vinegar Dressing,sour,snacks,dairy free,"""Mix apple cider vinegar with olive oil Dijon mustard and a touch of honey for a tangy and dairy-free salad dressing. Drizzle over mixed greens for a flavorful sour snack."""
Apple Kimchi,sour,snacks,dairy free,"""Ferment shredded apples with Korean chili flakes garlic and ginger for a few days until tangy and flavorful. Enjoy as a tangy and dairy-free snack or side dish."""
Apple Sauerkraut,sour,snacks,dairy free,"""Ferment shredded apples with cabbage and caraway seeds for a few days until sour and crunchy. Serve as a tangy and dairy-free snack or topping for sandwiches."""
Apple Cider Vinegar Pickles,sour,snacks,low fat,"""Slice apples thinly and pickle them in a mixture of apple cider vinegar water and spices. Refrigerate for a few days until tangy and crisp for a low-fat sour snack."""
Apple Sauerkraut Salad,sour,snacks,low fat,"""Toss shredded apples with sauerkraut shredded carrots and chopped parsley. Dress with a mixture of apple cider vinegar olive oil and mustard for a tangy and low-fat sour snack."""
Apple Kimchi Slaw,sour,snacks,low fat,"""Combine shredded apples with shredded cabbage green onions and Korean chili flakes. Toss with a mixture of apple cider vinegar sesame oil and a touch of honey for a low-fat and tangy sour snack."""
Apple Pickled Vegetables,sour,snacks,low fat,"""Slice apples and other vegetables like cucumbers carrots and radishes thinly and pickle them in a mixture of apple cider vinegar water and spices. Refrigerate until tangy and crunchy for a low-fat sour snack."""
Apple Lemon Slices,sour,snacks,nothing,"""Slice apples thinly and toss with freshly squeezed lemon juice for a tangy and refreshing snack with no added ingredients."""
Apple Vinegar Dip,sour,snacks,nothing,"""Mix apple cider vinegar with a pinch of salt and pepper for a tangy and refreshing dip for sliced apples."""
Apple Chips with Sea Salt,salty,snacks,dairy free,"""Slice apples thinly and bake in the oven until crispy. Sprinkle with sea salt for a crunchy and savory dairy-free snack."""
Apple Pretzel Sticks,salty,snacks,dairy free,"""Slice apples into sticks and dip them into a mixture of mustard and crushed pretzels. Enjoy these savory and dairy-free apple pretzel sticks."""
Apple Popcorn Mix,salty,snacks,dairy free,"""Mix air-popped popcorn with dried apple chips and a sprinkle of salt for a crunchy and savory dairy-free snack mix."""
Apple Veggie Chips,salty,snacks,dairy free,"""Thinly slice apples sweetpotatoes and beets. Bake until crispy and sprinkle with salt for a colorful and savory dairy-free snack."""
Apple Cucumber Salad,salty,snacks,low fat,"""Toss diced apples with diced cucumbers red onion and chopped parsley. Dress with lemon juice and a pinch of salt for a refreshing and low-fat salty snack."""
Apple Celery Sticks,salty,snacks,low fat,"""Spread peanut butter or almond butter on celery sticks and top with thinly sliced apples. Sprinkle with a pinch of salt for a crunchy and low-fat salty snack."""
Apple Radish Slices,salty,snacks,low fat,"""Thinly slice apples and radishes and toss with lemon juice and a sprinkle of salt for a refreshing and low-fat salty snack."""
Apple Carrot Sticks,salty,snacks,low fat,"""Cut apples and carrots into sticks and dip them into a mixture of Greek yogurt and mustard. Enjoy these crunchy and low-fat salty snack sticks."""
Apple Slices,salty,snacks,nothing,"""Slice apples and sprinkle with a pinch of salt for a quick and easy salty snack with no additional ingredients."""
Apple Peanut Butter Bites,salty,snacks,nothing,"""Spread peanut butter on apple slices and top with a sprinkle of salt for a satisfying and salty snack with no added ingredients."""
Banana Coconut Smoothie,sweet,drink,dairy free,"""Blend bananas with coconut milk a splash of vanilla extract and ice until smooth. Enjoy this creamy and dairy-free banana coconut smoothie."""
Banana Pineapple Smoothie,sweet,drink,dairy free,"""Blend bananas with pineapple chunks coconut water and a squeeze of lime juice until smooth. Refresh yourself with this tropical and dairy-free banana pineapple smoothie."""
Banana Oat Milkshake,sweet,drink,dairy free,"""Blend bananas with oat milk a tablespoon of honey and a sprinkle of cinnamon until creamy. Savor this nutritious and dairy-free banana oat milkshake."""
Banana Almond Butter Shake,sweet,drink,dairy free,"""Blend bananas with almond butter almond milk and a drizzle of maple syrup until velvety. Indulge in this rich and dairy-free banana almond butter shake."""
Banana Berry Smoothie,sweet,drink,low fat,"""Blend bananas with mixed berries fat-free yogurt and a splash of orange juice until smooth. Enjoy this refreshing and low-fat banana berry smoothie."""
Banana Mango Lassi,sweet,drink,low fat,"""Blend bananas with mango chunks fat-free yogurt and a pinch of cardamom until creamy. Treat yourself to this exotic and low-fat banana mango lassi."""
Banana Kiwi Cooler,sweet,drink,low fat,"""Blend bananas with kiwi slices fat-free yogurt and a squeeze of lime juice until frothy. Quench your thirst with this tangy and low-fat banana kiwi cooler."""
Banana Green Tea Smoothie,sweet,drink,low fat,"""Blend bananas with green tea fat-free milk and a drizzle of honey until frothy. Energize yourself with this refreshing and low-fat banana green tea smoothie."""
Banana Shake,sweet,drink,nothing,"""Blend bananas with milk and a touch of vanilla extract until smooth. Enjoy this classic and simple banana shake with no added ingredients."""
Banana Honey Smoothie,sweet,drink,nothing,"""Blend bananas with yogurt a drizzle of honey and ice until creamy. Satisfy your sweet tooth with this delicious and straightforward banana honey smoothie."""
Banana Lemonade,sour,drink,dairy free,"""Blend bananas with freshly squeezed lemon juice water and a touch of agave syrup until smooth. Enjoy this zesty and dairy-free banana lemonade."""
Banana Lime Cooler,sour,drink,dairy free,"""Blend bananas with lime juice coconut water and ice until frothy. Sip on this refreshing and dairy-free banana lime cooler to beat the heat."""
Banana Punch,sour,drink,dairy free,"""Blend bananas with pineapple juice orange juice and a splash of coconut milk until well combined. Serve chilled for a taste of the tropics with this dairy-free tropical banana punch."""
Banana Citrus Smoothie,sour,drink,dairy free,"""Blend bananas with a mix of citrus fruits (such as oranges grapefruits and tangerines) water and a hint of honey until tangy and smooth. Refresh yourself with this dairy-free banana citrus smoothie."""
Banana Grapefruit Smoothie,sour,drink,low fat,"""Blend bananas with grapefruit segments fat-free yogurt and a splash of grapefruit juice until creamy. Enjoy this tangy and low-fat banana grapefruit smoothie."""
Banana Cranberry Cooler,sour,drink,low fat,"""Blend bananas with cranberry juice fat-free yogurt and ice until frothy. Quench your thirst with this tangy and low-fat banana cranberry cooler."""
Banana Slushie,sour,drink,low fat,"""Blend bananas with a mix of citrus juices (such as lemon lime and orange) fat-free milk and ice until slushy. Indulge in this refreshing and low-fat citrus banana slushie."""
Banana Lemon Iced Tea,sour,drink,low fat,"""Brew a cup of strong lemon iced tea then blend it with bananas fat-free milk and a touch of honey until smooth. Enjoy this light and low-fat banana lemon iced tea."""
Banana Limeade,sour,drink,nothing,"""Blend bananas with freshly squeezed lime juice and water until smooth. Enjoy this straightforward and refreshing banana limeade with no added ingredients."""
Banana Grapefruit Spritzer,sour,drink,nothing,"""Combine mashed bananas with grapefruit juice and soda water in a glass. Stir gently and serve immediately for a bubbly and tangy banana grapefruit spritzer."""
Banana Vegetable Smoothie,salty,drink,dairy free,"""Blend bananas with cucumber spinach celery and a pinch of sea salt until smooth. Sip on this nutritious and dairy-free savory banana vegetable smoothie."""
Banana Tomato Juice,salty,drink,dairy free,"""Combine bananas with fresh tomatoes bell peppers jalapenos and a dash of hot sauce in a blender. Blend until smooth season with salt and serve chilled for a zesty and dairy-free spicy banana tomato juice."""
Banana Cucumber Cooler,salty,drink,dairy free,"""Blend bananas with cucumber lemon juice mint leaves and a pinch of salt until well combined. Strain the mixture pour into glasses over ice and garnish with a cucumber slice for a refreshing and dairy-free tangy banana cucumber cooler."""
Banana Gazpacho,salty,drink,dairy free,"""Blend bananas with tomatoes red bell peppers onions garlic and a splash of vinegar until smooth. Season with salt and chill in the refrigerator. Serve cold with a drizzle of olive oil for a unique and dairy-free banana gazpacho."""
Banana V8 Splash,salty,drink,low fat,"""Combine bananas with V8 vegetable juice celery salt and Worcestershire sauce in a blender. Blend until smooth pour into glasses over ice and garnish with a celery stick for a light and low-fat banana V8 splash."""
Banana Veggie Broth,salty,drink,low fat,"""Simmer bananas with chopped carrots onions celery and vegetable broth in a pot until vegetables are tender. Season with salt and pepper then blend until smooth for a hearty and low-fat banana veggie broth."""
Banana Zesty Limeade,salty,drink,low fat,"""Mix mashed bananas with freshly squeezed lime juice water and a pinch of salt in a pitcher. Stir until well combined then pour over ice for a zesty and low-fat banana limeade."""
Banana Tangy Celery Spritzer,salty,drink,low fat,"""Combine mashed bananas with celery juice sparkling water and a hint of lemon juice in a glass. Stir gently and serve immediately for a tangy and low-fat banana celery spritzer."""
Banana Salted Water,salty,drink,nothing,"""Mash bananas with water and a pinch of salt in a glass. Stir until salt is dissolved and enjoy this simple and refreshing banana salted water."""
Banana Cucumber Salted Soda,salty,drink,nothing,"""Mix mashed bananas with cucumber juice soda water and a dash of salt in a glass. Stir gently and serve immediately for a bubbly and salty banana cucumber soda."""
Banana Date Balls,salty,desserts,dairy free,"""Blend bananas with dates almonds and a pinch of sea salt until a dough forms. Roll into balls and coat with shredded coconut for a delicious and dairy-free salted banana date dessert."""
Banana Chickpea Cookies,salty,desserts,dairy free,"""Combine mashed bananas with chickpea flour nutritional yeast garlic powder and salt. Shape into cookies and bake until golden brown for a savory and dairy-free banana chickpea treat."""
Banana Peanut Butter Cups,salty,desserts,dairy free,"""Mix mashed bananas with powdered peanut butter coconut oil and a pinch of salt. Pour into mini cupcake liners and freeze until firm for a dairy-free twist on classic peanut butter cups."""
Banana Almond Crackers,salty,desserts,dairy free,"""Blend bananas with almond flour flaxseeds and salt until a dough forms. Roll out thinly cut into crackers and bake until crispy for a nutritious and dairy-free banana almond dessert."""
Banana Pretzel Bites,salty,desserts,low fat,"""Mix mashed bananas with crushed pretzels honey and a sprinkle of salt. Roll into bite-sized balls and refrigerate until firm for a low-fat and salty banana pretzel dessert."""
Banana Rice Cakes,salty,desserts,low fat,"""Spread mashed bananas onto rice cakes and sprinkle with a mixture of crushed rice cereal cinnamon and salt. Serve as a crunchy and low-fat banana rice cake treat."""
Banana Seaweed Wraps,salty,desserts,low fat,"""Spread mashed bananas onto seaweed sheets and sprinkle with sesame seeds chopped vegetables and a dash of soy sauce. Roll up tightly and slice into bite-sized pieces for a light and low-fat banana seaweed dish."""
Banana Veggie Chips,salty,desserts,low fat,"""Thinly slice bananas and toss with a mixture of nutritional yeast garlic powder and salt. Bake until crispy for a flavorful and low-fat banana veggie chip."""
Banana Salted Slices,salty,desserts,nothing,"""Slice bananas and sprinkle with a pinch of sea salt for a simple and satisfying salty banana dessert."""
Banana Popcorn Mix,salty,desserts,nothing,"""Mix banana chips with air-popped popcorn and a sprinkle of salt. Toss until well combined for a crunchy and nothing-added banana popcorn mix."""
Banana Coconut Ice Cream,sweet,desserts,dairy free,"""Blend ripe bananas with coconut milk and a splash of vanilla extract until smooth. Freeze until firm for a creamy and dairy-free banana coconut ice cream."""
Banana Pudding Parfait,sweet,desserts,dairy free,"""Layer mashed bananas with dairy-free vanilla pudding and crushed vegan graham crackers in parfait glasses. Repeat layers and top with a dollop of coconut whipped cream for a delightful vegan banana pudding parfait."""
Banana Chocolate Mousse,sweet,desserts,dairy free,"""Combine mashed bananas with melted dairy-free chocolate and a pinch of sea salt. Chill until set for a decadent and dairy-free banana chocolate mousse."""
Banana Bread Pudding,sweet,desserts,dairy free,"""Cube stale dairy-free banana bread and place in a baking dish. Pour a mixture of mashed bananas dairy-free milk and cinnamon over the bread. Bake until golden brown and set for a comforting dairy-free banana bread pudding."""
Banana Oatmeal Cookies,sweet,desserts,low fat,"""Mix mashed bananas with oats cinnamon and a touch of maple syrup. Drop spoonfuls onto a baking sheet and bake until golden for guilt-free banana oatmeal cookies."""
Banana Berry Parfait,sweet,desserts,low fat,"""Layer sliced bananas with low-fat vanilla yogurt and fresh mixed berries in parfait glasses. Repeat layers and sprinkle with a handful of granola for a light and refreshing banana berry parfait."""
Banana Chia Pudding,sweet,desserts,low fat,"""Blend bananas with chia seeds and low-fat coconut milk until smooth. Chill until thickened for a nutritious and low-fat banana chia pudding."""
Banana Frozen Yogurt Bark,sweet,desserts,low fat,"""Spread a mixture of mashed bananas and low-fat Greek yogurt onto a baking sheet. Sprinkle with sliced almonds and freeze until firm for a guilt-free banana frozen yogurt bark."""
Banana Sweet Slices,sweet,desserts,nothing,"""Slice ripe bananas and serve as is for a simple and naturally sweet banana dessert."""
Banana Classic Split,sweet,desserts,nothing,"""Halve a ripe banana and top with scoops of vanilla chocolate and strawberry ice cream. Drizzle with chocolate syrup whipped cream and a cherry on top for a classic banana split."""
Banana Dairy-Free Lemon Sorbet,sour,desserts,dairy free,"""Blend ripe bananas with freshly squeezed lemon juice and a bit of honey. Freeze until firm for a refreshing and dairy-free banana lemon sorbet."""
Banana Citrus Tart,sour,desserts,dairy free,"""Press a dairy-free crust into a tart pan and fill with a creamy mixture of mashed bananas citrus zest and agave syrup. Bake until set for a tangy and vegan banana citrus tart."""
Banana Dairy-Free Lime Popsicles,sour,desserts,dairy free,"""Mix mashed bananas with lime juice and a splash of coconut milk. Pour into popsicle molds and freeze until solid for zesty and dairy-free banana lime popsicles."""
Banana Grapefruit Dairy-Free Granita,sour,desserts,dairy free,"""Combine mashed bananas with grapefruit juice and a touch of sugar. Pour into a shallow dish and freeze scraping with a fork every hour until icy for a refreshing dairy-free banana grapefruit granita."""
Banana Lemon Muffins,sour,desserts,low fat,"""Mix mashed bananas with lemon zest low-fat yogurt and a hint of vanilla extract. Stir in flour and baking powder until just combined. Bake until golden for fluffy and low-fat banana lemon muffins."""
Banana Orange Light Cake,sour,desserts,low fat,"""Whisk together mashed bananas with orange zest egg whites and low-fat buttermilk. Fold in flour and baking soda until smooth. Bake until a toothpick inserted comes out clean for a moist and low-fat banana orange cake."""
Banana Yogurt Parfait,sour,desserts,low fat,"""Layer sliced bananas with low-fat Greek yogurt and a drizzle of honey in parfait glasses. Repeat layers and sprinkle with toasted oats for a satisfying and low-fat banana yogurt parfait."""
Banana Grapefruit Healthy Salad,sour,desserts,low fat,"""Toss sliced bananas with grapefruit segments fresh mint leaves and a squeeze of lime juice. Serve chilled for a light and healthy banana grapefruit salad."""
Banana Tangy Grapefruit Smoothie,sour,snacks,dairy free,"""Blend ripe bananas with freshly squeezed grapefruit juice and a handful of ice cubes until smooth. Serve immediately for a refreshing and dairy-free banana grapefruit smoothie."""
Banana Dairy-Free Lemon Energy Balls,sour,snacks,dairy free,"""Combine mashed bananas with rolled oats lemon zest and a drizzle of maple syrup. Roll into balls and chill until firm for a tangy and dairy-free snack."""
Banana Lime Pops,sour,snacks,dairy free,"""Blend ripe bananas with lime juice and coconut milk until smooth. Pour into popsicle molds and freeze until solid for a tangy and dairy-free frozen treat."""
Banana Grapefruit Dairy-Free Chia Pudding,sour,snacks,dairy free,"""Mix mashed bananas with grapefruit juice and chia seeds. Let sit in the refrigerator overnight until thickened for a creamy and dairy-free banana grapefruit chia pudding."""
Banana Lime Low-Fat Smoothie Bowl,sour,snacks,low fat,"""Blend ripe bananas with lime juice and low-fat yogurt until smooth. Pour into a bowl and top with sliced fruit and granola for a refreshing and low-fat snack."""
Banana Grapefruit Light Salad,sour,snacks,low fat,"""Toss sliced bananas with grapefruit segments fresh mint leaves and a squeeze of lime juice. Serve chilled for a light and low-fat banana grapefruit salad."""
Banana Lemon Skinny Muffins,sour,snacks,low fat,"""Mix mashed bananas with lemon zest low-fat yogurt and a hint of vanilla extract. Stir in flour and baking powder until just combined. Bake until golden for fluffy and low-fat banana lemon muffins."""
Banana Grapefruit Healthy Smoothie,sour,snacks,low fat,"""Blend ripe bananas with grapefruit segments low-fat milk and a handful of spinach until smooth. Serve immediately for a nutritious and low-fat banana grapefruit smoothie."""
Banana Coconut Vegan Bites,sweet,snacks,dairy free,"""Mash ripe bananas and mix with shredded coconut and a dash of cinnamon. Form into bite-sized balls and roll in more coconut. Chill until firm for a delightful and dairy-free banana coconut treat."""
Banana Date Bars,sweet,snacks,dairy free,"""Blend ripe bananas with dates and a splash of vanilla extract until smooth. Spread onto a baking sheet and freeze until firm. Cut into bars for a naturally sweet and dairy-free snack."""
Banana Pineapple Popsicles,sweet,snacks,dairy free,"""Blend ripe bananas with pineapple chunks and coconut water until smooth. Pour into popsicle molds and freeze until solid for a tropical and dairy-free frozen treat."""
Banana Mango Smoothie Bowl,sweet,snacks,dairy free,"""Blend ripe bananas with mango chunks and almond milk until smooth. Pour into a bowl and top with fresh fruit granola and a drizzle of honey for a nutritious and dairy-free smoothie bowl."""
Banana Berry Low-Fat Parfait,sweet,snacks,low fat,"""Layer sliced bananas with mixed berries and low-fat yogurt in a glass. Repeat layers and top with a sprinkle of granola for a delicious and low-fat banana berry parfait."""
Banana Blueberry Light Muffins,sweet,snacks,low fat,"""Mix mashed bananas with blueberries low-fat yogurt and a touch of honey. Stir in flour and baking powder until just combined. Bake until golden for fluffy and low-fat banana blueberry muffins."""
Banana Raspberry Skinny Smoothie,sweet,snacks,low fat,"""Blend ripe bananas with raspberries and fat-free Greek yogurt until smooth. Serve immediately for a creamy and low-fat banana raspberry smoothie."""
Banana Strawberry Healthy Oat Bars,sweet,snacks,low fat,"""Mash ripe bananas and mix with strawberries and oats. Press into a baking dish and bake until set for chewy and low-fat banana strawberry oat bars."""
Banana Classic Honey Sticks,sweet,snacks,nothing,"""Drizzle ripe banana slices with honey for a simple and sweet banana snack on the go."""
Banana Avocado Salsa,salty,snacks,dairy free,"""Mix diced bananas with diced avocado cherry tomatoes red onion cilantro lime juice and a pinch of salt for a refreshing and dairy-free banana avocado salsa."""
Banana Spicy Chips,salty,snacks,dairy free,"""Slice bananas thinly and toss with chili powder cumin and a touch of salt. Bake until crisp for a spicy and dairy-free banana chip snack."""
Banana Pepper Nachos,salty,snacks,dairy free,"""Top banana pepper halves with mashed bananas black beans diced tomatoes jalapenos and dairy-free cheese. Bake until bubbly for dairy-free banana pepper nachos."""
Banana Cucumber Bites,salty,snacks,dairy free,"""Spread cucumber slices with mashed bananas and sprinkle with chopped fresh dill and a dash of salt for a refreshing and dairy-free banana cucumber bite."""
Banana Hummus Light,salty,snacks,low fat,"""Blend ripe bananas with chickpeas garlic lemon juice and a touch of tahini until smooth. Serve with veggie sticks for a low-fat banana hummus dip."""
Banana Zucchini Baked Fritters,salty,snacks,low fat,"""Combine mashed bananas with shredded zucchini whole wheat flour and a pinch of salt. Form into patties and bake until golden for low-fat banana zucchini fritters."""
Banana Quinoa Salad,salty,snacks,low fat,"""Mix cooked quinoa with diced bananas cucumber red onion parsley and a squeeze of lemon juice. Season with salt and pepper for a light and low-fat banana quinoa salad."""
Banana Cucumber Rolls,salty,snacks,low fat,"""Spread cucumber slices with mashed bananas and roll up. Secure with toothpicks and sprinkle with a pinch of salt for a light and low-fat banana cucumber roll."""
Banana Plain Chips,salty,snacks,nothing,"""Slice bananas thinly and bake until crisp for a simple and salty banana chip snack."""
Orange Seaweed Salad,salty,desserts,dairy free,"""Mix diced oranges seaweed sesame seeds and a splash of soy sauce in a bowl. Serve chilled as a refreshing and savory dessert option."""
Orange Low-Fat Sorbet,salty,desserts,low fat,"""Blend orange segments water and a pinch of salt until smooth. Pour into a shallow dish and freeze for 4-6 hours stirring occasionally until firm. Serve scoops of sorbet in chilled bowls for a refreshing treat."""
Orange Granita,sour,desserts,dairy free,"""Mix freshly squeezed orange juice with a touch of lemon juice. Pour the mixture into a shallow dish and freeze for 2-3 hours stirring occasionally with a fork to create a granular texture. Serve the orange granita chilled."""
Orange Sorbet with Basil,sour,desserts,low fat,"""Blend freshly squeezed orange juice with a handful of fresh basil leaves and a touch of sugar until smooth. Pour the mixture into a shallow dish and freeze for 4-6 hours stirring occasionally until firm. Serve scoops of orange sorbet garnished with basil leaves."""
Orange Marmalade Tart,sour,desserts,nothing,"""Spread orange marmalade evenly onto a pre-baked tart crust. Chill in the refrigerator until set. Serve slices of orange marmalade tart chilled optionally garnished with whipped cream or fresh orange slices."""
Orange Coconut Bliss,sweet,desserts,dairy free,"""Blend fresh orange juice coconut milk and a hint of vanilla extract until smooth. Pour the mixture into popsicle molds and freeze until solid. Enjoy the refreshing and creamy orange coconut bliss on a hot day!"""
Orange Yogurt Low-Fat Parfait,sweet,desserts,low fat,"""Layer low-fat vanilla yogurt with freshly sliced oranges and a sprinkle of granola in serving glasses. Repeat the layers. Drizzle with honey for added sweetness if desired. Serve chilled for a nutritious and satisfying treat."""
Orange Blossom Panna Cotta (No Sugar Added),sweet,desserts,nothing,"""In a saucepan heat coconut milk agar agar and a splash of orange blossom water until the agar-agar dissolves. Pour the mixture into ramekins and refrigerate until set. Serve chilled with a garnish of fresh orange segments. This delicate and aromatic dessert is naturally sweetened with the essence of orange blossom."""
Orange Coconut Smoothie,sweet,drink,dairy free,"""Blend fresh orange juice with coconut milk frozen pineapple chunks and a splash of vanilla extract until smooth for a refreshing and dairy-free orange coconut smoothie."""
Orange Citrus Sunrise Mocktail,sweet,drink,dairy free,"""Mix fresh orange juice with grenadine syrup and sparkling water. Serve over ice with a slice of orange for a vibrant and dairy-free citrus sunrise mocktail."""
Orange Mango Lassi,sweet,drink,dairy free,"""Blend fresh orange juice with ripe mango chunks dairy-free yogurt honey and a pinch of ground cardamom until creamy for a tropical and dairy-free orange mango lassi."""
Orange Pineapple Slushie,sweet,drink,dairy free,"""Combine fresh orange juice with frozen pineapple chunks and ice in a blender. Blend until slushy for a frosty and dairy-free orange pineapple slushie."""
Orange Skinny Julius,sweet,drink,low fat,"""Blend fresh orange juice with non-fat milk vanilla extract honey and ice until frothy for a light and low-fat skinny orange julius."""
Orange Yogurt Smoothie,sweet,drink,low fat,"""Combine fresh orange juice with low-fat yogurt frozen banana slices and a drizzle of honey in a blender. Blend until smooth for a creamy and low-fat orange yogurt smoothie."""
Orange Creamsicle Light Shake,sweet,drink,low fat,"""Blend fresh orange juice with low-fat vanilla ice cream or frozen yogurt and a splash of almond milk until creamy for a guilt-free and low-fat orange creamsicle shake."""
Orange Chia Seed Drink,sweet,drink,low fat,"""Stir fresh orange juice with water a splash of agave syrup and chia seeds. Let sit for a few minutes until the chia seeds plump up for a refreshing and low-fat orange chia seed drink."""
Orange Soda,sweet,drink,nothing,"""Combine fresh orange juice with soda water and a touch of simple syrup. Serve over ice for a bubbly and sweet fresh orange soda."""
Orange Ginger Infused Water,sweet,drink,nothing,"""Infuse water with slices of fresh orange and ginger. Let sit for a few hours in the fridge for a naturally sweet and refreshing orange ginger infused water."""
Orange Citrus Cooler,sour,drink,dairy free,"""Mix fresh orange juice with lemon juice a splash of lime juice and sparkling water for a zesty and dairy-free tangy citrus cooler."""
Orange Cranberry Refresher,sour,drink,dairy free,"""Combine fresh orange juice with cranberry juice a squeeze of lime juice and a dash of agave syrup. Shake well for a tart and dairy-free orange cranberry refresher."""
Orange Spicy Margarita,sour,drink,dairy free,"""In a shaker combine fresh orange juice with tequila triple sec lime juice and a splash of hot sauce. Shake with ice then strain into a glass for a fiery and dairy-free spicy orange margarita."""
Orange Citrus Mint Iced Tea,sour,drink,dairy free,"""Brew a strong batch of mint tea then chill. Mix with fresh orange juice lemon juice and a hint of agave syrup. Serve over ice for a refreshing and dairy-free citrus mint iced tea."""
Orange Skinny Lemonade,sour,drink,low fat,"""Combine fresh orange juice with lemon juice water and a touch of honey. Chill and serve over ice for a light and low-fat skinny orange lemonade."""
Orange Light Limeade,sour,drink,low fat,"""Mix fresh orange juice with lime juice water and a bit of stevia or agave syrup to taste. Serve over ice for a tangy and low-fat light orange limeade."""
Orange Pomegranate Spritzer,sour,drink,low fat,"""Blend fresh orange juice with pomegranate juice and a squeeze of lime juice. Add sparkling water and ice for a bubbly and low-fat orange pomegranate spritzer."""
Orange Grapefruit Zesty Cooler,sour,drink,low fat,"""Combine fresh orange juice with grapefruit juice a splash of lemon juice and sparkling water. Serve over ice for a zesty and low-fat orange grapefruit cooler."""
Orange Sunrise Punch,sour,drink,nothing,"""Blend fresh orange juice with pineapple juice lemon juice and a hint of grenadine syrup. Serve over ice for a vibrant and fruity sunrise citrus punch."""
Orange Citrus Spicy Michelada,salty,drink,dairy free,"""Rim a glass with salt and chili powder. Mix fresh orange juice with lime juice hot sauce and a splash of Worcestershire sauce. Pour over ice and top with cold beer for a zesty and dairy-free spicy citrus Michelada."""
Orange Tangy Seaweed Smoothie,salty,drink,dairy free,"""Blend fresh orange juice with seaweed a pinch of sea salt and a squeeze of lemon juice. Add ice and blend until smooth for a briny and dairy-free tangy orange seaweed smoothie."""
Orange Cucumber Light Cooler,salty,drink,low fat,"""Mix fresh orange juice with cucumber juice a dash of salt and sparkling water. Serve over ice for a refreshing and low-fat orange cucumber cooler."""
Orange Citrus Veggie Spritz,salty,drink,low fat,"""Combine fresh orange juice with tomato juice a pinch of salt and a splash of lemon juice. Top with sparkling water and serve over ice for a savory and low-fat citrus veggie spritz."""
Orange Salty Citrus Refresher,salty,drink,nothing,"""Mix fresh orange juice with a pinch of salt and a squeeze of lemon juice. Serve over ice for a simple and refreshing salty citrus refresher."""
Orange Tangy Salsa,sour,snacks,dairy free,"""Combine diced oranges tomatoes onions jalapenos cilantro lime juice and a pinch of salt in a bowl. Let sit for at least 30 minutes before serving for a tangy and dairy-free orange salsa."""
Orange Spicy Guacamole,sour,snacks,dairy free,"""Mash ripe avocados and mix with diced oranges jalapenos onions cilantro lime juice and a pinch of salt. Serve with tortilla chips for a zesty and dairy-free spicy orange guacamole."""
Orange Citrus Marinated Olives,sour,snacks,dairy free,"""Mix green and black olives with diced oranges lemon zest lemon juice olive oil and a sprinkle of red pepper flakes. Let marinate for at least 1 hour for tangy and dairy-free citrus marinated olives."""
Orange and Radish Salad,sour,snacks,dairy free,"""Toss thinly sliced oranges and radishes with olive oil lemon juice a pinch of salt and chopped fresh herbs like mint or cilantro. Serve chilled for a refreshing and dairy-free orange and radish salad."""
Orange Light Pickles,sour,snacks,low fat,"""Slice oranges thinly and soak in a mixture of vinegar water sugar salt and spices like mustard seeds and peppercorns. Let pickle for at least 24 hours for tangy and low-fat orange pickles."""
Orange Cucumber Tangy Salad,sour,snacks,low fat,"""Combine thinly sliced oranges and cucumbers with a squeeze of lemon juice a drizzle of olive oil and a pinch of salt. Toss well and chill before serving for a refreshing and low-fat tangy orange cucumber salad."""
Orange Citrus Beetroot Slaw,sour,snacks,low fat,"""Shred beetroots and toss with thinly sliced oranges lemon juice a touch of honey or maple syrup and a sprinkle of salt. Let marinate for at least 30 minutes for a tangy and low-fat citrus beetroot slaw."""
Orange and Carrot Sticks,sour,snacks,low fat,"""Serve sliced oranges and carrot sticks with a squeeze of lemon juice and a sprinkle of salt for a simple and low-fat tangy orange and carrot snack."""
Orange and Fennel Zesty Salad,sour,snacks,nothing,"""Combine thinly sliced oranges and fennel bulb with a drizzle of olive oil a squeeze of lemon juice and a pinch of salt. Toss well and serve chilled for a zesty and refreshing orange and fennel salad."""
Orange Popcorn,salty,snacks,dairy free,"""Drizzle freshly popped popcorn with olive oil and sprinkle with orange zest sea salt and a touch of chili powder for a zesty and dairy-free citrusy orange popcorn."""
Orange Spicy Chickpeas,salty,snacks,dairy free,"""Roast chickpeas with olive oil smoked paprika garlic powder and orange zest until crispy. Sprinkle with sea salt for a spicy and dairy-free orange chickpea snack."""
Orange Rice Tangy Cakes,salty,snacks,dairy free,"""Spread rice cakes with mashed avocado and top with orange segments a sprinkle of sea salt and a drizzle of balsamic glaze for a tangy and dairy-free orange rice cake snack."""
Orange Citrus Infused Edamame,salty,snacks,dairy free,"""Steam edamame and toss with orange zest soy sauce sesame oil and a pinch of red pepper flakes for a flavorful and dairy-free citrus-infused edamame snack."""
Orange Kale Light  Chips,salty,snacks,low fat,"""Massage kale leaves with orange juice olive oil and a sprinkle of salt. Bake until crispy for a light and low-fat orange kale chip snack."""
Orange Tangy Veggie Sticks,salty,snacks,low fat,"""Serve sliced carrots cucumbers and bell peppers with a side of tangy orange hummus made with chickpeas orange juice tahini garlic and salt for a refreshing and low-fat orange veggie stick snack."""
Orange Zesty Cucumber Bites,salty,snacks,low fat,"""Top cucumber slices with orange segments a sprinkle of salt and a drizzle of balsamic reduction for a zesty and low-fat orange cucumber bite."""
Orange Citrusy  Quinoa Salad Cups,salty,snacks,low fat,"""Fill endive leaves with cooked quinoa mixed with orange segments diced cucumber mint leaves and a squeeze of lemon juice. Sprinkle with salt for a citrusy and low-fat quinoa salad cup."""
Orange Avocado Tangy Toast,salty,snacks,nothing,"""Spread whole grain toast with mashed avocado and top with orange slices a sprinkle of sea salt and a drizzle of olive oil for a tangy and satisfying orange avocado toast."""
Orange Bliss Energy Bites,sweet,snacks,dairy free,"""In a food processor blend dates almonds shredded coconut and orange zest until a sticky dough forms. Roll into balls and refrigerate for a dairy-free orange bliss energy bite."""
Orange Zesty Granola Bars,sweet,snacks,dairy free,"""Mix rolled oats chopped nuts dried cranberries and orange zest in a bowl. Stir in melted coconut oil and maple syrup. Press into a pan and refrigerate until firm. Cut into bars for a zesty and dairy-free orange granola bar."""
Orange infused Chia Pudding,sweet,snacks,dairy free,"""Mix chia seeds with orange juice almond milk and a touch of maple syrup. Let it sit in the fridge overnight until thickened. Top with orange segments for an orange-infused dairy-free chia pudding."""
Orange Coconut Bliss Balls,sweet,snacks,dairy free,"""Blend dates shredded coconut almond flour and orange zest in a food processor until smooth. Roll into balls and coat with more shredded coconut for a dairy-free orange coconut bliss ball."""
Orange Mango Frozen Yogurt Bites,sweet,snacks,low fat,"""Mix Greek yogurt with mashed mango and orange zest. Spoon into mini muffin cups and freeze until set for a low-fat orange mango frozen yogurt bite."""
Orange Citrusy Sorbet Bites,sweet,snacks,low fat,"""Blend frozen banana with orange juice until smooth. Pour into mini muffin cups and freeze until set for a refreshing and low-fat citrusy orange sorbet bite."""
Orange Berry Frozen Pops,sweet,snacks,low fat,"""Puree mixed berries with orange juice and honey. Pour into popsicle molds and freeze until solid for a low-fat orange berry frozen pop."""
Orange Watermelon Fruit Skewers,sweet,snacks,low fat,"""Thread cubes of watermelon and orange segments onto skewers. Drizzle with a mixture of honey and lime juice for a refreshing and low-fat orange watermelon fruit skewer."""
Orange Date Nut Bars,sweet,snacks,nothing,"""Blend dates nuts and orange zest in a food processor until a sticky dough forms. Press into a pan and refrigerate until firm. Cut into bars for a sweet and satisfying orange date nut bar."""
Grape Sorbet,sweet,desserts,dairy free,"""Blend grapes sugar and lemon juice until smooth. Pour into a shallow dish and freeze for 4-6 hours stirring occasionally until firm. Serve scoops of sorbet in chilled bowls."""
Grape Parfait,sweet,desserts,dairy free,"""Layer grape compote dairy-free yogurt and granola in serving glasses. Repeat the layers until the glasses are filled. Serve chilled."""
Grape Jelly,sweet,desserts,low fat,"""Prepare grape juice with gelatin according to package instructions. Pour into individual molds or a large mold. Refrigerate until set. Serve chilled."""
Grape Smoothie,sweet,desserts,low fat,"""Blend grapes banana spinach and almond milk until smooth. Pour into glasses and serve immediately."""
Grape Popsicles,sweet,desserts,nothing,"""Blend grapes and a splash of apple juice until smooth. Pour into popsicle molds and insert sticks. Freeze for at least 4 hours until solid. Serve frozen."""
Grape and Cheese Platter,salty,desserts,nothing,"""Arrange a selection of grapes alongside various cheeses such as blue cheese goat cheese or gouda. Serve with crackers or crusty bread for a savory dessert experience."""
Grape Savory Tart,salty,desserts,low fat,"""Make a tart crust using flour butter and salt. Fill the crust with a mixture of caramelized onions goat cheese and halved grapes. Bake until the crust is golden brown and the filling is set."""
Grape and Prosciutto Skewers,salty,desserts,dairy free,"""Thread halved grapes and pieces of prosciutto onto skewers. Drizzle with a balsamic reduction or honey for added flavor. Serve as a savory appetizer or dessert."""
Grape and Olive Tapenade,salty,desserts,dairy free,"""Make a tapenade using black olives capers garlic and olive oil. Stir in halved grapes. Serve with toasted baguette slices or crackers."""
Grape and Rosemary Focaccia,salty,desserts,low fat,"""Bake a savory focaccia bread flavored with fresh rosemary. Scatter halved grapes over the dough before baking to add a burst of to each bite."""
Grape Agua Fresca,sweet,drink,dairy free,"""Blend seedless grapes with water lime juice and a touch of agave syrup until smooth. Strain the mixture and serve over ice for a refreshing and dairy-free grape agua fresca."""
Grape Sparkling Spritzer,sweet,drink,dairy free,"""Mix sparkling water with freshly squeezed grape juice and a splash of lemon or lime juice. Serve over ice for a bubbly and dairy-free sparkling grape spritzer."""
Grape Smoothie Bowl,sweet,drink,dairy free,"""Blend frozen grapes with banana coconut milk and spinach until smooth. Pour into a bowl and top with granola sliced banana and a drizzle of honey for a nutritious and dairy-free grape smoothie bowl."""
Grape Mint Refresher,sweet,drink,dairy free,"""Muddle fresh mint leaves with seedless grapes in a glass. Add ice sparkling water and a splash of lime juice. Stir well and enjoy a refreshing and dairy-free grape mint refresher."""
Grape Light Slushie,sweet,drink,low fat,"""Blend frozen seedless grapes with water and a squeeze of lemon juice until slushy. Serve immediately for a light and low-fat grape slushie."""
Grape Skinny Mocktail,sweet,drink,low fat,"""Mix grape juice with sparkling water and a splash of lime juice. Serve over ice for a guilt-free and low-fat skinny grape mocktail."""
Grape Yogurt Smoothie,sweet,drink,low fat,"""Blend seedless grapes with Greek yogurt honey and a handful of spinach until smooth. Pour into glasses for a creamy and low-fat grape yogurt smoothie."""
Grape Lime Cooler,sweet,drink,low fat,"""Combine fresh grape juice with lime juice water and a bit of honey. Serve over ice with a lime wedge for a light and low-fat grape lime cooler."""
Grape Berry Lemonade,sweet,drink,nothing,"""Mix freshly squeezed grape juice with mixed berry puree lemon juice and water. Serve over ice for a fruity and refreshing grape berry lemonade."""
Grape Fizzy Punch,sweet,drink,nothing,"""Combine grape juice with ginger ale and a splash of pineapple juice. Garnish with fresh grapes and serve in glasses for a fizzy and delightful grape punch."""
Grape Tangy Lemonade,sour,drink,dairy free,"""Mix freshly squeezed grape juice with lemon juice and a splash of sparkling water. Add sugar with agave syrup to taste and serve over ice for a tangy and dairy-free grape lemonade."""
Grape Citrus Cooler,sour,drink,dairy free,"""Combine grapefruit juice lime juice and grape juice with sparkling water. Add a touch of honey or agave syrup if desired and serve over ice for a refreshing and dairy-free grape citrus cooler."""
Grape Fruit Spritzer,sour,drink,dairy free,"""Mix equal parts freshly squeezed grapefruit juice and grape juice. Top with sparkling water and a squeeze of lime juice. Serve over ice for a zesty and dairy-free grapefruit grape spritzer."""
Grape Tart Smoothie,sour,drink,dairy free,"""Blend seedless grapes with pineapple kiwi and a splash of lemon juice. Add coconut water and blend until smooth for a tangy and dairy-free tart grape smoothie."""
Grape fruit Refresher,sour,drink,low fat,"""Combine freshly squeezed grapefruit juice with sparkling water and a splash of lime juice. Add a bit of stevia or agave syrup if desired and serve over ice for a light and low-fat grapefruit refresher."""
Grape fruit Spritzer,sour,drink,low fat,"""Mix grape juice with freshly squeezed grapefruit juice and sparkling water. Serve over ice for a bubbly and low-fat skinny grapefruit spritzer."""
Grape fruit Mocktail,sour,drink,low fat,"""Blend grape juice with grapefruit juice and a squeeze of lime juice. Top with sparkling water and serve over ice for a light and low-fat grapefruit grape mocktail."""
Grape Lemonade Zesty,sour,drink,low fat,"""Mix freshly squeezed grape juice with lemon juice and water. Add a bit of honey or agave syrup if desired and serve over ice for a zesty and low-fat grape lemonade."""
Grape Savory Gazpacho,salty,drink,dairy free,"""Blend seedless grapes with cucumber bell pepper tomato garlic and a dash of hot sauce. Season with salt and pepper to taste then chill in the refrigerator before serving for a refreshing and dairy-free savory grape gazpacho."""
Grape Tangy Vinaigrette,salty,drink,dairy free,"""Blend seedless grapes with olive oil red wine vinegar Dijon mustard garlic salt and pepper until smooth. Drizzle over salads or grilled vegetables for a tangy and dairy-free grape vinaigrette."""
Grape Salsa Light,salty,drink,low fat,"""Mix diced seedless grapes with diced cucumber red onion jalapeno cilantro lime juice and a pinch of salt. Serve as a refreshing and low-fat grape salsa with tortilla chips or grilled fish."""
Grape Olive Tapenade,salty,drink,low fat,"""Combine chopped seedless grapes with chopped olives capers garlic olive oil lemon juice and a pinch of salt. Serve as a tangy and low-fat grape and olive tapenade with crostini or crackers."""
Grape Salty  Infusion,salty,drink,nothing,"""Muddle seedless grapes with a pinch of sea salt in a glass. Fill with sparkling water and garnish with a grape on the rim for a simple and refreshing salty grape infusion."""
Grape Salsa,sour,snacks,dairy free,"""Mix diced seedless grapes with diced tomatoes red onion jalapeno cilantro lime juice and a pinch of salt. Serve as a zesty and dairy-free grape salsa with tortilla chips or grilled fish."""
Grape Salad Citrusy,sour,snacks,dairy free,"""Toss halved seedless grapes with segmented oranges diced cucumber mint leaves and a squeeze of lemon juice. Enjoy this refreshing and dairy-free citrusy grape salad as a light snack."""
Grape Tangy Sorbet,sour,snacks,dairy free,"""Blend seedless grapes with lemon juice and a touch of honey until smooth. Freeze the mixture in an ice cream maker according to the manufacturer's instructions for a tangy and dairy-free grape sorbet."""
Grape Pickles Zesty,sour,snacks,dairy free,"""Brine seedless grapes in a mixture of vinegar water sugar salt mustard seeds and black peppercorns. Let them pickle in the refrigerator for a few days before enjoying these zesty and dairy-free grape pickles."""
Grape Salad,sour,snacks,low fat,"""Toss halved seedless grapes with diced cucumber bell pepper red onion and a squeeze of lemon juice. Sprinkle with chopped parsley and black pepper for a refreshing and low-fat grape salad."""
Grape Ceviche,sour,snacks,low fat,"""Marinate halved seedless grapes in lime juice with diced cucumber red onion jalapeno and cilantro. Let it sit in the refrigerator for a couple of hours before serving as a tangy and low-fat grape ceviche."""
Grape Refreshing Gazpacho,sour,snacks,low fat,"""Blend seedless grapes with cucumber bell pepper tomato garlic and a splash of apple cider vinegar. Chill in the refrigerator before serving as a refreshing and low-fat grape gazpacho."""
Grape Skewers,sour,snacks,nothing,"""Thread seedless grapes onto skewers and drizzle with lemon juice. Sprinkle with a pinch of salt for a tangy and refreshing snack."""
Grape and Olive Savory Tapenade,salty,snacks,dairy free,"""Blend seedless grapes with black olives capers garlic olive oil and a squeeze of lemon juice. Serve this savory and dairy-free grape and olive tapenade with crusty bread or crackers."""
Grape Spiced Pickles,salty,snacks,dairy free,"""Brine seedless grapes in a mixture of vinegar water salt sugar mustard seeds and whole spices like cloves and peppercorns. Let them pickle in the refrigerator for a few days for spiced and dairy-free grape pickles."""
Grape Tangy Bruschetta,salty,snacks,dairy free,"""Top toasted bread slices with a mixture of chopped seedless grapes cherry tomatoes red onion basil olive oil balsamic vinegar salt and pepper. Enjoy this tangy and dairy-free grape bruschetta as a savory snack."""
Grape Herb-Marinated Skewers,salty,snacks,dairy free,"""Skewer seedless grapes alternately with cherry tomatoes and cubes of dairy-free cheese. Marinate in a mixture of olive oil lemon juice garlic and fresh herbs like thyme and rosemary. Serve as herb-marinated and dairy-free grape skewers."""
Grape and Almond Crunchy Mix,salty,snacks,low fat,"""Toss seedless grapes with roasted almonds pretzel sticks and a sprinkle of sea salt for a crunchy and low-fat grape and almond mix."""
Grape and Cucumber Tangy Salad,salty,snacks,low fat,"""Mix halved seedless grapes with diced cucumber red onion and a sprinkle of feta cheese. Drizzle with a lemon vinaigrette for a tangy and low-fat grape and cucumber salad."""
Grape and Chickpea Spiced Salad,salty,snacks,low fat,"""Combine cooked chickpeas with halved seedless grapes chopped celery green onions and a sprinkle of curry powder. Toss with a light yogurt dressing for a spiced and low-fat grape and chickpea salad."""
Grape and Tomato Herbed Skewers,salty,snacks,low fat,"""Skewer seedless grapes alternately with cherry tomatoes and fresh basil leaves. Drizzle with balsamic glaze and a sprinkle of sea salt for herbed and low-fat grape and tomato skewers."""
Grape and Pickle Spears,salty,snacks,nothing,"""Wrap seedless grapes in deli-sliced turkey and serve alongside dill pickle spears for a tangy and salty snack."""
Grape Frozen Popsicles,sweet,snacks,dairy free,"""Skewer seedless grapes and freeze until solid for a refreshing and dairy-free frozen grape popsicle."""
Grape and Banana Smoothie Bowl,sweet,snacks,dairy free,"""Blend seedless grapes with frozen banana slices and dairy-free coconut yogurt. Pour into a bowl and top with granola sliced fruit and a drizzle of honey for a delicious and dairy-free grape and banana smoothie bowl."""
Grape and Pineapple Fruit Salad,sweet,snacks,dairy free,"""Combine seedless grapes with diced pineapple shredded coconut and chopped mint leaves. Toss with a squeeze of lime juice for a tropical and dairy-free grape and pineapple fruit salad."""
Grape Dipped in Chocolate,sweet,snacks,dairy free,"""Dip seedless grapes into melted dairy-free dark chocolate and place on a parchment-lined tray. Chill until the chocolate sets for indulgent and dairy-free chocolate-dipped grapes."""
Grape and Yogurt Parfait,sweet,snacks,low fat,"""Layer seedless grapes with low-fat vanilla yogurt and granola in a glass for a simple and low-fat grape and yogurt parfait."""
Grape and Almond Butter Rice Cakes,sweet,snacks,low fat,"""Spread rice cakes with almond butter and top with halved seedless grapes. Drizzle with a touch of honey for a crunchy and low-fat grape and almond butter rice cake."""
Grape and Oat Energy Bites,sweet,snacks,low fat,"""Mix mashed seedless grapes with rolled oats chia seeds and a touch of maple syrup. Roll into balls and refrigerate until firm for nutritious and low-fat grape and oat energy bites."""
Grape and Cinnamon Rice Pudding,sweet,snacks,low fat,"""Stir cooked rice into a mixture of almond milk cinnamon and maple syrup. Fold in halved seedless grapes and simmer until thickened for a comforting and low-fat grape and cinnamon rice pudding."""
Grape Glazed in Honey,sweet,snacks,nothing,"""Toss seedless grapes with a drizzle of honey and a sprinkle of cinnamon. Roast until caramelized for irresistible honey-glazed grapes."""
Grape and Apple Fruit Salsa,sweet,snacks,nothing,"""Combine halved seedless grapes with diced apple lime zest and a pinch of chili flakes. Serve with cinnamon-sugar tortilla chips for a refreshing grape and apple fruit salsa."""
